,시도,시군구,계약종별,년도,월,전력 사용량
0,서울특별시,종로구,주택용,2022,1월,24799032.0
1,서울특별시,종로구,일반용,2022,1월,117205665.0
2,서울특별시,종로구,교육용,2022,1월,11064107.0
3,서울특별시,종로구,산업용,2022,1월,6881320.0
4,서울특별시,종로구,농사용,2022,1월,4955.0
5,서울특별시,종로구,가로등,2022,1월,828232.0
6,서울특별시,종로구,심 야,2022,1월,2539642.0
7,서울특별시,중구,주택용,2022,1월,19557533.0
8,서울특별시,중구,일반용,2022,1월,164177193.0
9,서울특별시,중구,교육용,2022,1월,5986439.0
10,서울특별시,중구,산업용,2022,1월,21725401.0
11,서울특별시,중구,가로등,2022,1월,940217.0
12,서울특별시,중구,심 야,2022,1월,743050.0
13,서울특별시,용산구,주택용,2022,1월,39010442.0
14,서울특별시,용산구,일반용,2022,1월,80627001.0
15,서울특별시,용산구,교육용,2022,1월,5963234.0
16,서울특별시,용산구,산업용,2022,1월,10025340.0
17,서울특별시,용산구,농사용,2022,1월,83202.0
18,서울특별시,용산구,가로등,2022,1월,1144376.0
19,서울특별시,용산구,심 야,2022,1월,706785.0
20,서울특별시,성동구,주택용,2022,1월,40844723.0
21,서울특별시,성동구,일반용,2022,1월,75914047.0
22,서울특별시,성동구,교육용,2022,1월,8433686.0
23,서울특별시,성동구,산업용,2022,1월,80206457.0
24,서울특별시,성동구,농사용,2022,1월,9641.0
25,서울특별시,성동구,가로등,2022,1월,981375.0
26,서울특별시,성동구,심 야,2022,1월,416043.0
27,서울특별시,동대문구,주택용,2022,1월,47887294.0
28,서울특별시,동대문구,일반용,2022,1월,61759917.0
29,서울특별시,동대문구,교육용,2022,1월,10186200.0
30,서울특별시,동대문구,산업용,2022,1월,16272057.0
31,서울특별시,동대문구,농사용,2022,1월,16841.0
32,서울특별시,동대문구,가로등,2022,1월,907952.0
33,서울특별시,동대문구,심 야,2022,1월,662514.0
34,서울특별시,성북구,주택용,2022,1월,56977008.0
35,서울특별시,성북구,일반용,2022,1월,52919867.0
36,서울특별시,성북구,교육용,2022,1월,18752248.0
37,서울특별시,성북구,산업용,2022,1월,9330288.0
38,서울특별시,성북구,농사용,2022,1월,3057.0
39,서울특별시,성북구,가로등,2022,1월,1225628.0
40,서울특별시,성북구,심 야,2022,1월,1932917.0
41,서울특별시,도봉구,주택용,2022,1월,39864622.0
42,서울특별시,도봉구,일반용,2022,1월,34419700.0
43,서울특별시,도봉구,교육용,2022,1월,4169044.0
44,서울특별시,도봉구,산업용,2022,1월,5050173.0
45,서울특별시,도봉구,농사용,2022,1월,27280.0
46,서울특별시,도봉구,가로등,2022,1월,611721.0
47,서울특별시,도봉구,심 야,2022,1월,453460.0
48,서울특별시,은평구,주택용,2022,1월,61519867.0
49,서울특별시,은평구,일반용,2022,1월,53601340.0
50,서울특별시,은평구,교육용,2022,1월,5194036.0
51,서울특별시,은평구,산업용,2022,1월,16927638.0
52,서울특별시,은평구,농사용,2022,1월,23566.0
53,서울특별시,은평구,가로등,2022,1월,763778.0
54,서울특별시,은평구,심 야,2022,1월,1088702.0
55,서울특별시,서대문구,주택용,2022,1월,42148289.0
56,서울특별시,서대문구,일반용,2022,1월,54840924.0
57,서울특별시,서대문구,교육용,2022,1월,18538105.0
58,서울특별시,서대문구,산업용,2022,1월,2873796.0
59,서울특별시,서대문구,농사용,2022,1월,2927.0
60,서울특별시,서대문구,가로등,2022,1월,742622.0
61,서울특별시,서대문구,심 야,2022,1월,618953.0
62,서울특별시,마포구,주택용,2022,1월,55498358.0
63,서울특별시,마포구,일반용,2022,1월,129714582.0
64,서울특별시,마포구,교육용,2022,1월,6738228.0
65,서울특별시,마포구,산업용,2022,1월,12599525.0
66,서울특별시,마포구,농사용,2022,1월,5664.0
67,서울특별시,마포구,가로등,2022,1월,1254210.0
68,서울특별시,마포구,심 야,2022,1월,1350402.0
69,서울특별시,강서구,주택용,2022,1월,74358729.0
70,서울특별시,강서구,일반용,2022,1월,134532532.0
71,서울특별시,강서구,교육용,2022,1월,6832343.0
72,서울특별시,강서구,산업용,2022,1월,29790995.0
73,서울특별시,강서구,농사용,2022,1월,374499.0
74,서울특별시,강서구,가로등,2022,1월,1345688.0
75,서울특별시,강서구,심 야,2022,1월,1074866.0
76,서울특별시,구로구,주택용,2022,1월,55649156.0
77,서울특별시,구로구,일반용,2022,1월,87163055.0
78,서울특별시,구로구,교육용,2022,1월,4840537.0
79,서울특별시,구로구,산업용,2022,1월,35172889.0
80,서울특별시,구로구,농사용,2022,1월,70849.0
81,서울특별시,구로구,가로등,2022,1월,996782.0
82,서울특별시,구로구,심 야,2022,1월,570167.0
83,서울특별시,영등포구,주택용,2022,1월,57982571.0
84,서울특별시,영등포구,일반용,2022,1월,165776558.0
85,서울특별시,영등포구,교육용,2022,1월,3540178.0
86,서울특별시,영등포구,산업용,2022,1월,20427922.0
87,서울특별시,영등포구,농사용,2022,1월,2592.0
88,서울특별시,영등포구,가로등,2022,1월,1413996.0
89,서울특별시,영등포구,심 야,2022,1월,1796924.0
90,서울특별시,동작구,주택용,2022,1월,49222951.0
91,서울특별시,동작구,일반용,2022,1월,54794108.0
92,서울특별시,동작구,교육용,2022,1월,9554403.0
93,서울특별시,동작구,산업용,2022,1월,4640714.0
94,서울특별시,동작구,농사용,2022,1월,27479.0
95,서울특별시,동작구,가로등,2022,1월,757169.0
96,서울특별시,동작구,심 야,2022,1월,725561.0
97,서울특별시,관악구,주택용,2022,1월,60639803.0
98,서울특별시,관악구,일반용,2022,1월,71189701.0
99,서울특별시,관악구,교육용,2022,1월,23758322.0
100,서울특별시,관악구,산업용,2022,1월,3490035.0
101,서울특별시,관악구,농사용,2022,1월,14281.0
102,서울특별시,관악구,가로등,2022,1월,985398.0
103,서울특별시,관악구,심 야,2022,1월,790680.0
104,서울특별시,강남구,주택용,2022,1월,84134037.0
105,서울특별시,강남구,일반용,2022,1월,339015601.0
106,서울특별시,강남구,교육용,2022,1월,6189717.0
107,서울특별시,강남구,산업용,2022,1월,31394053.0
108,서울특별시,강남구,농사용,2022,1월,186106.0
109,서울특별시,강남구,가로등,2022,1월,1915432.0
110,서울특별시,강남구,심 야,2022,1월,1551562.0
111,서울특별시,강동구,주택용,2022,1월,59329159.0
112,서울특별시,강동구,일반용,2022,1월,74957337.0
113,서울특별시,강동구,교육용,2022,1월,4653635.0
114,서울특별시,강동구,산업용,2022,1월,13943786.0
115,서울특별시,강동구,농사용,2022,1월,234715.0
116,서울특별시,강동구,가로등,2022,1월,941538.0
117,서울특별시,강동구,심 야,2022,1월,390814.0
118,서울특별시,송파구,주택용,2022,1월,87482704.0
119,서울특별시,송파구,일반용,2022,1월,147361634.0
120,서울특별시,송파구,교육용,2022,1월,7392573.0
121,서울특별시,송파구,산업용,2022,1월,18149358.0
122,서울특별시,송파구,농사용,2022,1월,277312.0
123,서울특별시,송파구,가로등,2022,1월,1706300.0
124,서울특별시,송파구,심 야,2022,1월,1160719.0
125,서울특별시,중랑구,주택용,2022,1월,49445292.0
126,서울특별시,중랑구,일반용,2022,1월,46681329.0
127,서울특별시,중랑구,교육용,2022,1월,4320543.0
128,서울특별시,중랑구,산업용,2022,1월,7159158.0
129,서울특별시,중랑구,농사용,2022,1월,41131.0
130,서울특별시,중랑구,가로등,2022,1월,1068193.0
131,서울특별시,중랑구,심 야,2022,1월,421671.0
132,서울특별시,노원구,주택용,2022,1월,62674820.0
133,서울특별시,노원구,일반용,2022,1월,60241664.0
134,서울특별시,노원구,교육용,2022,1월,14589049.0
135,서울특별시,노원구,산업용,2022,1월,6271019.0
136,서울특별시,노원구,농사용,2022,1월,37764.0
137,서울특별시,노원구,가로등,2022,1월,1151578.0
138,서울특별시,노원구,심 야,2022,1월,889144.0
139,서울특별시,서초구,주택용,2022,1월,62916484.0
140,서울특별시,서초구,일반용,2022,1월,196985066.0
141,서울특별시,서초구,교육용,2022,1월,6351038.0
142,서울특별시,서초구,산업용,2022,1월,38173420.0
143,서울특별시,서초구,농사용,2022,1월,858349.0
144,서울특별시,서초구,가로등,2022,1월,1961323.0
145,서울특별시,서초구,심 야,2022,1월,780003.0
146,서울특별시,양천구,주택용,2022,1월,58755126.0
147,서울특별시,양천구,일반용,2022,1월,91929837.0
148,서울특별시,양천구,교육용,2022,1월,4822091.0
149,서울특별시,양천구,산업용,2022,1월,4104546.0
150,서울특별시,양천구,농사용,2022,1월,20187.0
151,서울특별시,양천구,가로등,2022,1월,1122465.0
152,서울특별시,양천구,심 야,2022,1월,321491.0
153,서울특별시,광진구,주택용,2022,1월,44225700.0
154,서울특별시,광진구,일반용,2022,1월,60752189.0
155,서울특별시,광진구,교육용,2022,1월,9156011.0
156,서울특별시,광진구,산업용,2022,1월,32436651.0
157,서울특별시,광진구,농사용,2022,1월,33800.0
158,서울특별시,광진구,가로등,2022,1월,835957.0
159,서울특별시,광진구,심 야,2022,1월,786926.0
160,서울특별시,강북구,주택용,2022,1월,37677921.0
161,서울특별시,강북구,일반용,2022,1월,41200356.0
162,서울특별시,강북구,교육용,2022,1월,3294283.0
163,서울특별시,강북구,산업용,2022,1월,4920978.0
164,서울특별시,강북구,농사용,2022,1월,10735.0
165,서울특별시,강북구,가로등,2022,1월,552518.0
166,서울특별시,강북구,심 야,2022,1월,791601.0
167,서울특별시,금천구,주택용,2022,1월,31386334.0
168,서울특별시,금천구,일반용,2022,1월,103073049.0
169,서울특별시,금천구,교육용,2022,1월,2447154.0
170,서울특별시,금천구,산업용,2022,1월,22392978.0
171,서울특별시,금천구,농사용,2022,1월,18935.0
172,서울특별시,금천구,가로등,2022,1월,690960.0
173,서울특별시,금천구,심 야,2022,1월,271687.0
174,부산광역시,중구,주택용,2022,1월,5820727.0
175,부산광역시,중구,일반용,2022,1월,25083141.0
176,부산광역시,중구,교육용,2022,1월,321147.0
177,부산광역시,중구,산업용,2022,1월,689455.0
178,부산광역시,중구,농사용,2022,1월,7119.0
179,부산광역시,중구,가로등,2022,1월,420367.0
180,부산광역시,중구,심 야,2022,1월,671615.0
181,부산광역시,서구,주택용,2022,1월,14938061.0
182,부산광역시,서구,일반용,2022,1월,21689041.0
183,부산광역시,서구,교육용,2022,1월,1632683.0
184,부산광역시,서구,산업용,2022,1월,14084388.0
185,부산광역시,서구,농사용,2022,1월,178074.0
186,부산광역시,서구,가로등,2022,1월,532555.0
187,부산광역시,서구,심 야,2022,1월,1683289.0
188,부산광역시,동구,주택용,2022,1월,12315397.0
189,부산광역시,동구,일반용,2022,1월,27218448.0
190,부산광역시,동구,교육용,2022,1월,688892.0
191,부산광역시,동구,산업용,2022,1월,7392231.0
192,부산광역시,동구,농사용,2022,1월,3331.0
193,부산광역시,동구,가로등,2022,1월,481607.0
194,부산광역시,동구,심 야,2022,1월,1655884.0
195,부산광역시,영도구,주택용,2022,1월,14706354.0
196,부산광역시,영도구,일반용,2022,1월,14972904.0
197,부산광역시,영도구,교육용,2022,1월,3104612.0
198,부산광역시,영도구,산업용,2022,1월,9181273.0
199,부산광역시,영도구,농사용,2022,1월,4095.0
200,부산광역시,영도구,가로등,2022,1월,498399.0
201,부산광역시,영도구,심 야,2022,1월,1334072.0
202,부산광역시,부산진구,주택용,2022,1월,50638933.0
203,부산광역시,부산진구,일반용,2022,1월,74138523.0
204,부산광역시,부산진구,교육용,2022,1월,5451635.0
205,부산광역시,부산진구,산업용,2022,1월,22650036.0
206,부산광역시,부산진구,농사용,2022,1월,70837.0
207,부산광역시,부산진구,가로등,2022,1월,1361135.0
208,부산광역시,부산진구,심 야,2022,1월,2941202.0
209,부산광역시,동래구,주택용,2022,1월,36176027.0
210,부산광역시,동래구,일반용,2022,1월,39390628.0
211,부산광역시,동래구,교육용,2022,1월,1689227.0
212,부산광역시,동래구,산업용,2022,1월,8150016.0
213,부산광역시,동래구,농사용,2022,1월,26078.0
214,부산광역시,동래구,가로등,2022,1월,751094.0
215,부산광역시,동래구,심 야,2022,1월,2348831.0
216,부산광역시,남구,주택용,2022,1월,36241221.0
217,부산광역시,남구,일반용,2022,1월,37611300.0
218,부산광역시,남구,교육용,2022,1월,6826913.0
219,부산광역시,남구,산업용,2022,1월,44385225.0
220,부산광역시,남구,농사용,2022,1월,96460.0
221,부산광역시,남구,가로등,2022,1월,941568.0
222,부산광역시,남구,심 야,2022,1월,1284029.0
223,부산광역시,북구,주택용,2022,1월,36672457.0
224,부산광역시,북구,일반용,2022,1월,31839236.0
225,부산광역시,북구,교육용,2022,1월,2345485.0
226,부산광역시,북구,산업용,2022,1월,9387020.0
227,부산광역시,북구,농사용,2022,1월,46866.0
228,부산광역시,북구,가로등,2022,1월,882360.0
229,부산광역시,북구,심 야,2022,1월,1577150.0
230,부산광역시,해운대구,주택용,2022,1월,58414099.0
231,부산광역시,해운대구,일반용,2022,1월,80282629.0
232,부산광역시,해운대구,교육용,2022,1월,3119452.0
233,부산광역시,해운대구,산업용,2022,1월,21398992.0
234,부산광역시,해운대구,농사용,2022,1월,142213.0
235,부산광역시,해운대구,가로등,2022,1월,1596841.0
236,부산광역시,해운대구,심 야,2022,1월,1812486.0
237,부산광역시,사하구,주택용,2022,1월,39973365.0
238,부산광역시,사하구,일반용,2022,1월,39208788.0
239,부산광역시,사하구,교육용,2022,1월,3820476.0
240,부산광역시,사하구,산업용,2022,1월,139378916.0
241,부산광역시,사하구,농사용,2022,1월,260181.0
242,부산광역시,사하구,가로등,2022,1월,1106779.0
243,부산광역시,사하구,심 야,2022,1월,1916161.0
244,부산광역시,금정구,주택용,2022,1월,30843331.0
245,부산광역시,금정구,일반용,2022,1월,37022988.0
246,부산광역시,금정구,교육용,2022,1월,7550602.0
247,부산광역시,금정구,산업용,2022,1월,22905453.0
248,부산광역시,금정구,농사용,2022,1월,742263.0
249,부산광역시,금정구,가로등,2022,1월,1207984.0
250,부산광역시,금정구,심 야,2022,1월,2442087.0
251,부산광역시,강서구,주택용,2022,1월,20015955.0
252,부산광역시,강서구,일반용,2022,1월,55435722.0
253,부산광역시,강서구,교육용,2022,1월,950973.0
254,부산광역시,강서구,산업용,2022,1월,301841632.0
255,부산광역시,강서구,농사용,2022,1월,8779896.0
256,부산광역시,강서구,가로등,2022,1월,2413640.0
257,부산광역시,강서구,심 야,2022,1월,2937139.0
258,부산광역시,연제구,주택용,2022,1월,28545440.0
259,부산광역시,연제구,일반용,2022,1월,36479662.0
260,부산광역시,연제구,교육용,2022,1월,1460296.0
261,부산광역시,연제구,산업용,2022,1월,5537006.0
262,부산광역시,연제구,농사용,2022,1월,20031.0
263,부산광역시,연제구,가로등,2022,1월,579595.0
264,부산광역시,연제구,심 야,2022,1월,1334358.0
265,부산광역시,수영구,주택용,2022,1월,24984106.0
266,부산광역시,수영구,일반용,2022,1월,29070576.0
267,부산광역시,수영구,교육용,2022,1월,640869.0
268,부산광역시,수영구,산업용,2022,1월,1233732.0
269,부산광역시,수영구,농사용,2022,1월,48139.0
270,부산광역시,수영구,가로등,2022,1월,484172.0
271,부산광역시,수영구,심 야,2022,1월,1184606.0
272,부산광역시,사상구,주택용,2022,1월,26715047.0
273,부산광역시,사상구,일반용,2022,1월,39902449.0
274,부산광역시,사상구,교육용,2022,1월,4312840.0
275,부산광역시,사상구,산업용,2022,1월,75142041.0
276,부산광역시,사상구,농사용,2022,1월,146015.0
277,부산광역시,사상구,가로등,2022,1월,935641.0
278,부산광역시,사상구,심 야,2022,1월,1843209.0
279,부산광역시,기장군,주택용,2022,1월,13659571.0
280,부산광역시,기장군,일반용,2022,1월,35061076.0
281,부산광역시,기장군,교육용,2022,1월,1083295.0
282,부산광역시,기장군,산업용,2022,1월,57307115.0
283,부산광역시,기장군,농사용,2022,1월,3581923.0
284,부산광역시,기장군,가로등,2022,1월,1593622.0
285,부산광역시,기장군,심 야,2022,1월,3280975.0
286,대구광역시,중구,주택용,2022,1월,11925642.0
287,대구광역시,중구,일반용,2022,1월,48356376.0
288,대구광역시,중구,교육용,2022,1월,1383884.0
289,대구광역시,중구,산업용,2022,1월,2814313.0
290,대구광역시,중구,농사용,2022,1월,22173.0
291,대구광역시,중구,가로등,2022,1월,738898.0
292,대구광역시,중구,심 야,2022,1월,1057334.0
293,대구광역시,동구,주택용,2022,1월,46341713.0
294,대구광역시,동구,일반용,2022,1월,75226049.0
295,대구광역시,동구,교육용,2022,1월,3358741.0
296,대구광역시,동구,산업용,2022,1월,12410089.0
297,대구광역시,동구,농사용,2022,1월,1809329.0
298,대구광역시,동구,가로등,2022,1월,2162918.0
299,대구광역시,동구,심 야,2022,1월,5501767.0
300,대구광역시,서구,주택용,2022,1월,21115757.0
301,대구광역시,서구,일반용,2022,1월,29647408.0
302,대구광역시,서구,교육용,2022,1월,1480037.0
303,대구광역시,서구,산업용,2022,1월,29866117.0
304,대구광역시,서구,농사용,2022,1월,27359.0
305,대구광역시,서구,가로등,2022,1월,729629.0
306,대구광역시,서구,심 야,2022,1월,1998752.0
307,대구광역시,남구,주택용,2022,1월,19538782.0
308,대구광역시,남구,일반용,2022,1월,30430105.0
309,대구광역시,남구,교육용,2022,1월,3287326.0
310,대구광역시,남구,산업용,2022,1월,1040692.0
311,대구광역시,남구,농사용,2022,1월,28562.0
312,대구광역시,남구,가로등,2022,1월,532576.0
313,대구광역시,남구,심 야,2022,1월,3152564.0
314,대구광역시,북구,주택용,2022,1월,56747720.0
315,대구광역시,북구,일반용,2022,1월,77425946.0
316,대구광역시,북구,교육용,2022,1월,10529021.0
317,대구광역시,북구,산업용,2022,1월,67932286.0
318,대구광역시,북구,농사용,2022,1월,841860.0
319,대구광역시,북구,가로등,2022,1월,2027716.0
320,대구광역시,북구,심 야,2022,1월,3230050.0
321,대구광역시,수성구,주택용,2022,1월,57941216.0
322,대구광역시,수성구,일반용,2022,1월,72573528.0
323,대구광역시,수성구,교육용,2022,1월,4822649.0
324,대구광역시,수성구,산업용,2022,1월,19130582.0
325,대구광역시,수성구,농사용,2022,1월,562708.0
326,대구광역시,수성구,가로등,2022,1월,1682497.0
327,대구광역시,수성구,심 야,2022,1월,3603853.0
328,대구광역시,달서구,주택용,2022,1월,72131297.0
329,대구광역시,달서구,일반용,2022,1월,84375512.0
330,대구광역시,달서구,교육용,2022,1월,7545596.0
331,대구광역시,달서구,산업용,2022,1월,184937149.0
332,대구광역시,달서구,농사용,2022,1월,114281.0
333,대구광역시,달서구,가로등,2022,1월,2060598.0
334,대구광역시,달서구,심 야,2022,1월,3153057.0
335,대구광역시,달성군,주택용,2022,1월,33290245.0
336,대구광역시,달성군,일반용,2022,1월,43726146.0
337,대구광역시,달성군,교육용,2022,1월,6934810.0
338,대구광역시,달성군,산업용,2022,1월,263120087.0
339,대구광역시,달성군,농사용,2022,1월,5834726.0
340,대구광역시,달성군,가로등,2022,1월,2489916.0
341,대구광역시,달성군,심 야,2022,1월,4766750.0
342,인천광역시,중구,주택용,2022,1월,23132691.0
343,인천광역시,중구,일반용,2022,1월,110547974.0
344,인천광역시,중구,교육용,2022,1월,2909251.0
345,인천광역시,중구,산업용,2022,1월,87366235.0
346,인천광역시,중구,농사용,2022,1월,412187.0
347,인천광역시,중구,가로등,2022,1월,2810554.0
348,인천광역시,중구,심 야,2022,1월,3198031.0
349,인천광역시,동구,주택용,2022,1월,8093306.0
350,인천광역시,동구,일반용,2022,1월,12307587.0
351,인천광역시,동구,교육용,2022,1월,1073000.0
352,인천광역시,동구,산업용,2022,1월,320581410.0
353,인천광역시,동구,농사용,2022,1월,2976.0
354,인천광역시,동구,가로등,2022,1월,381808.0
355,인천광역시,동구,심 야,2022,1월,671894.0
356,인천광역시,미추홀구,주택용,2022,1월,55940663.0
357,인천광역시,미추홀구,일반용,2022,1월,65978424.0
358,인천광역시,미추홀구,교육용,2022,1월,7028086.0
359,인천광역시,미추홀구,산업용,2022,1월,39861696.0
360,인천광역시,미추홀구,농사용,2022,1월,58067.0
361,인천광역시,미추홀구,가로등,2022,1월,1145057.0
362,인천광역시,미추홀구,심 야,2022,1월,2172326.0
363,인천광역시,서구,주택용,2022,1월,80539239.0
364,인천광역시,서구,일반용,2022,1월,122128850.0
365,인천광역시,서구,교육용,2022,1월,6082799.0
366,인천광역시,서구,산업용,2022,1월,338700356.0
367,인천광역시,서구,농사용,2022,1월,954450.0
368,인천광역시,서구,가로등,2022,1월,3279393.0
369,인천광역시,서구,심 야,2022,1월,1882669.0
370,인천광역시,남동구,주택용,2022,1월,72162081.0
371,인천광역시,남동구,일반용,2022,1월,96734207.0
372,인천광역시,남동구,교육용,2022,1월,4822941.0
373,인천광역시,남동구,산업용,2022,1월,199127034.0
374,인천광역시,남동구,농사용,2022,1월,1461622.0
375,인천광역시,남동구,가로등,2022,1월,1995492.0
376,인천광역시,남동구,심 야,2022,1월,1901868.0
377,인천광역시,부평구,주택용,2022,1월,67243642.0
378,인천광역시,부평구,일반용,2022,1월,80155446.0
379,인천광역시,부평구,교육용,2022,1월,4902538.0
380,인천광역시,부평구,산업용,2022,1월,65475537.0
381,인천광역시,부평구,농사용,2022,1월,58617.0
382,인천광역시,부평구,가로등,2022,1월,1341582.0
383,인천광역시,부평구,심 야,2022,1월,1935757.0
384,인천광역시,계양구,주택용,2022,1월,38154021.0
385,인천광역시,계양구,일반용,2022,1월,45858697.0
386,인천광역시,계양구,교육용,2022,1월,3557212.0
387,인천광역시,계양구,산업용,2022,1월,35284770.0
388,인천광역시,계양구,농사용,2022,1월,1121252.0
389,인천광역시,계양구,가로등,2022,1월,1192884.0
390,인천광역시,계양구,심 야,2022,1월,1470318.0
391,인천광역시,연수구,주택용,2022,1월,61317866.0
392,인천광역시,연수구,일반용,2022,1월,79519553.0
393,인천광역시,연수구,교육용,2022,1월,10133650.0
394,인천광역시,연수구,산업용,2022,1월,108808016.0
395,인천광역시,연수구,농사용,2022,1월,98950.0
396,인천광역시,연수구,가로등,2022,1월,2306491.0
397,인천광역시,연수구,심 야,2022,1월,910933.0
398,인천광역시,강화군,주택용,2022,1월,9089766.0
399,인천광역시,강화군,일반용,2022,1월,22931732.0
400,인천광역시,강화군,교육용,2022,1월,1782278.0
401,인천광역시,강화군,산업용,2022,1월,11295382.0
402,인천광역시,강화군,농사용,2022,1월,7801164.0
403,인천광역시,강화군,가로등,2022,1월,1011733.0
404,인천광역시,강화군,심 야,2022,1월,14729261.0
405,인천광역시,옹진군,주택용,2022,1월,2689365.0
406,인천광역시,옹진군,일반용,2022,1월,12820233.0
407,인천광역시,옹진군,교육용,2022,1월,279766.0
408,인천광역시,옹진군,산업용,2022,1월,2937925.0
409,인천광역시,옹진군,농사용,2022,1월,1135413.0
410,인천광역시,옹진군,가로등,2022,1월,182975.0
411,인천광역시,옹진군,심 야,2022,1월,3628709.0
412,광주광역시,동구,주택용,2022,1월,15798183.0
413,광주광역시,동구,일반용,2022,1월,35175736.0
414,광주광역시,동구,교육용,2022,1월,3990595.0
415,광주광역시,동구,산업용,2022,1월,3340624.0
416,광주광역시,동구,농사용,2022,1월,163059.0
417,광주광역시,동구,가로등,2022,1월,849941.0
418,광주광역시,동구,심 야,2022,1월,1503993.0
419,광주광역시,서구,주택용,2022,1월,39825334.0
420,광주광역시,서구,일반용,2022,1월,73907051.0
421,광주광역시,서구,교육용,2022,1월,2791548.0
422,광주광역시,서구,산업용,2022,1월,26982772.0
423,광주광역시,서구,농사용,2022,1월,536877.0
424,광주광역시,서구,가로등,2022,1월,1229769.0
425,광주광역시,서구,심 야,2022,1월,1906425.0
426,광주광역시,북구,주택용,2022,1월,57965336.0
427,광주광역시,북구,일반용,2022,1월,71266862.0
428,광주광역시,북구,교육용,2022,1월,15312383.0
429,광주광역시,북구,산업용,2022,1월,61042366.0
430,광주광역시,북구,농사용,2022,1월,2654096.0
431,광주광역시,북구,가로등,2022,1월,1827598.0
432,광주광역시,북구,심 야,2022,1월,3667243.0
433,광주광역시,광산구,주택용,2022,1월,54307677.0
434,광주광역시,광산구,일반용,2022,1월,75111211.0
435,광주광역시,광산구,교육용,2022,1월,6862868.0
436,광주광역시,광산구,산업용,2022,1월,183027209.0
437,광주광역시,광산구,농사용,2022,1월,6459733.0
438,광주광역시,광산구,가로등,2022,1월,2701664.0
439,광주광역시,광산구,심 야,2022,1월,2765486.0
440,광주광역시,남구,주택용,2022,1월,29860567.0
441,광주광역시,남구,일반용,2022,1월,30547507.0
442,광주광역시,남구,교육용,2022,1월,3914402.0
443,광주광역시,남구,산업용,2022,1월,3845966.0
444,광주광역시,남구,농사용,2022,1월,1291574.0
445,광주광역시,남구,가로등,2022,1월,1162161.0
446,광주광역시,남구,심 야,2022,1월,2287030.0
447,대전광역시,동구,주택용,2022,1월,29878641.0
448,대전광역시,동구,일반용,2022,1월,39464842.0
449,대전광역시,동구,교육용,2022,1월,6273723.0
450,대전광역시,동구,산업용,2022,1월,8528741.0
451,대전광역시,동구,농사용,2022,1월,469214.0
452,대전광역시,동구,가로등,2022,1월,957491.0
453,대전광역시,동구,심 야,2022,1월,6574680.0
454,대전광역시,중구,주택용,2022,1월,30224161.0
455,대전광역시,중구,일반용,2022,1월,50062447.0
456,대전광역시,중구,교육용,2022,1월,3968623.0
457,대전광역시,중구,산업용,2022,1월,3030828.0
458,대전광역시,중구,농사용,2022,1월,289324.0
459,대전광역시,중구,가로등,2022,1월,898544.0
460,대전광역시,중구,심 야,2022,1월,5854225.0
461,대전광역시,서구,주택용,2022,1월,61509460.0
462,대전광역시,서구,일반용,2022,1월,100198765.0
463,대전광역시,서구,교육용,2022,1월,7649327.0
464,대전광역시,서구,산업용,2022,1월,5077201.0
465,대전광역시,서구,농사용,2022,1월,682789.0
466,대전광역시,서구,가로등,2022,1월,1709517.0
467,대전광역시,서구,심 야,2022,1월,5656928.0
468,대전광역시,대덕구,주택용,2022,1월,22565519.0
469,대전광역시,대덕구,일반용,2022,1월,37803119.0
470,대전광역시,대덕구,교육용,2022,1월,3374679.0
471,대전광역시,대덕구,산업용,2022,1월,179425794.0
472,대전광역시,대덕구,농사용,2022,1월,395309.0
473,대전광역시,대덕구,가로등,2022,1월,1025970.0
474,대전광역시,대덕구,심 야,2022,1월,2837476.0
475,대전광역시,유성구,주택용,2022,1월,47769885.0
476,대전광역시,유성구,일반용,2022,1월,132974316.0
477,대전광역시,유성구,교육용,2022,1월,24204108.0
478,대전광역시,유성구,산업용,2022,1월,82784636.0
479,대전광역시,유성구,농사용,2022,1월,2460854.0
480,대전광역시,유성구,가로등,2022,1월,2450557.0
481,대전광역시,유성구,심 야,2022,1월,4191700.0
482,울산광역시,북구,주택용,2022,1월,28236355.0
483,울산광역시,북구,일반용,2022,1월,31512456.0
484,울산광역시,북구,교육용,2022,1월,2587909.0
485,울산광역시,북구,산업용,2022,1월,147141781.0
486,울산광역시,북구,농사용,2022,1월,1735139.0
487,울산광역시,북구,가로등,2022,1월,1497624.0
488,울산광역시,북구,심 야,2022,1월,1321124.0
489,울산광역시,동구,주택용,2022,1월,19242025.0
490,울산광역시,동구,일반용,2022,1월,20706531.0
491,울산광역시,동구,교육용,2022,1월,2085022.0
492,울산광역시,동구,산업용,2022,1월,85794188.0
493,울산광역시,동구,농사용,2022,1월,116990.0
494,울산광역시,동구,가로등,2022,1월,790738.0
495,울산광역시,동구,심 야,2022,1월,627804.0
496,울산광역시,중구,주택용,2022,1월,28020135.0
497,울산광역시,중구,일반용,2022,1월,30299589.0
498,울산광역시,중구,교육용,2022,1월,1975496.0
499,울산광역시,중구,산업용,2022,1월,2908307.0
500,울산광역시,중구,농사용,2022,1월,290430.0
501,울산광역시,중구,가로등,2022,1월,1286843.0
502,울산광역시,중구,심 야,2022,1월,963254.0
503,울산광역시,남구,주택용,2022,1월,41959362.0
504,울산광역시,남구,일반용,2022,1월,70195700.0
505,울산광역시,남구,교육용,2022,1월,4822733.0
506,울산광역시,남구,산업용,2022,1월,1247144120.0
507,울산광역시,남구,농사용,2022,1월,75923.0
508,울산광역시,남구,가로등,2022,1월,1397869.0
509,울산광역시,남구,심 야,2022,1월,2863046.0
510,울산광역시,울주군,주택용,2022,1월,29530540.0
511,울산광역시,울주군,일반용,2022,1월,45145338.0
512,울산광역시,울주군,교육용,2022,1월,9139668.0
513,울산광역시,울주군,산업용,2022,1월,1030417327.0
514,울산광역시,울주군,농사용,2022,1월,6842901.0
515,울산광역시,울주군,가로등,2022,1월,2703994.0
516,울산광역시,울주군,심 야,2022,1월,6547839.0
